{"cameraMode":{"drawMode":0,"name":"Shaded","section":"Shading Mode"},"sceneLighting":true,"audioPlay":false,"sceneViewState":{"showFog":true,"showMaterialUpdate":false,"showSkybox":true,"showFlares":true,"showImageEffects":true,"showParticleSystems":true},"in2DMode":false,"pivot":{"x":-636.834716796875,"y":-140.24163818359376,"z":192.58609008789063},"rotation":{"x":-0.217298224568367,"y":0.5421737432479858,"z":-0.14760765433311463,"w":-0.7981485724449158},"size":730.2142944335938,"orthographic":false}