{"cameraMode":{"drawMode":0,"name":"Shaded","section":"Shading Mode"},"sceneLighting":true,"audioPlay":false,"sceneViewState":{"showFog":true,"showMaterialUpdate":false,"showSkybox":true,"showFlares":true,"showImageEffects":true,"showParticleSystems":true},"in2DMode":false,"pivot":{"x":536.4833374023438,"y":378.9804382324219,"z":373.25469970703127},"rotation":{"x":0.05999230593442917,"y":-0.0012046025367453695,"z":0.00007140290836105123,"w":0.9981981515884399},"size":769.4310913085938,"orthographic":false}