{"cameraMode":{"drawMode":0,"name":"Shaded","section":"Shading Mode"},"sceneLighting":true,"audioPlay":false,"sceneViewState":{"showFog":true,"showMaterialUpdate":false,"showSkybox":true,"showFlares":true,"showImageEffects":true,"showParticleSystems":true},"in2DMode":false,"pivot":{"x":-112.89801025390625,"y":212.05880737304688,"z":-301.9037780761719},"rotation":{"x":-0.11899415403604508,"y":-0.5655021667480469,"z":0.0828830674290657,"w":-0.811897873878479},"size":245.178955078125,"orthographic":false}