{"cameraMode":{"drawMode":0,"name":"Shaded","section":"Shading Mode"},"sceneLighting":true,"audioPlay":false,"sceneViewState":{"showFog":true,"showMaterialUpdate":false,"showSkybox":true,"showFlares":true,"showImageEffects":true,"showParticleSystems":true},"in2DMode":false,"pivot":{"x":658.3242797851563,"y":174.71331787109376,"z":348.90753173828127},"rotation":{"x":0.05999230593442917,"y":-0.0012046025367453695,"z":0.00007140290836105123,"w":0.9981981515884399},"size":1483.295654296875,"orthographic":false}